课程名称,星期,开始节数,结束节数,老师,地点,周数
概率论与数理统计A,1,3,4,,科教北303,3-16
数字设计与计算机原理,1,5,6,,科教南207,7-18
集合论与代数,1,7,8,,科教南405,4-10
集合论与代数,1,7,8,,科教南207,3
软件开发架构平台,2,1,2,,科教南207,3-18
操作系统原理,2,3,4,,科教南207,3-18
汇编语言,2,5,6,,科教南207,3-10
算法分析与设计,2,7,8,,科教南207,3-14
概率论与数理统计A,3,1,2,,科教北303,3-16
软件交互设计,3,3,4,,科教南206,3-18
AI赋能的软件开发,3,9,10,,科教南206,3-18
操作系统原理,4,1,2,,科教南202,3-18单
数字设计与计算机原理,4,3,4,,科教南207,7-18
算法分析与设计,4,5,6,,科教南207,3-14
汇编语言,4,7,8,,科教南207,3-10
博弈论解说,4,9,10,,A座404,3-18
体育（三）,5,3,4,,,3-18
形势与政策,5,5,6,,科教南501,8、12
中国近现代史纲要,5,7,8,,科教南502,3-18
集合论与代数,5,9,10,,科教南206,3-10
