课程名称,教师,星期,起始节,结束节,周次,单双周,楼座ID,地点原文,教室
概率论与数理统计A,,星期一,3,4,3-16,每周,,科教北303,
数字设计与计算机原理,,星期一,5,6,7-18,每周,,科教南207,
集合论与代数,,星期一,7,8,4-10,每周,,科教南405,
集合论与代数,,星期一,7,8,3,每周,,科教南207,
软件开发架构平台,,星期二,1,2,3-18,每周,,科教南207,
操作系统原理,,星期二,3,4,3-18,每周,,科教南207,
汇编语言,,星期二,5,6,3-10,每周,,科教南207,
算法分析与设计,,星期二,7,8,3-14,每周,,科教南207,
概率论与数理统计A,,星期三,1,2,3-16,每周,,科教北303,
软件交互设计,,星期三,3,4,3-18,每周,,科教南206,
AI赋能的软件开发,,星期三,9,10,3-18,每周,,科教南206,
操作系统原理,,星期四,1,2,3-18,单周,,科教南202,
数字设计与计算机原理,,星期四,3,4,7-18,每周,,科教南207,
算法分析与设计,,星期四,5,6,3-14,每周,,科教南207,
汇编语言,,星期四,7,8,3-10,每周,,科教南207,
博弈论解说,,星期四,9,10,3-18,每周,,A座404,
体育（三）,,星期五,3,4,3-18,每周,,,
形势与政策,,星期五,5,6,8、12,每周,,科教南501,
中国近现代史纲要,,星期五,7,8,3-18,每周,,科教南502,
集合论与代数,,星期五,9,10,3-10,每周,,科教南206,
